DATE,Layoffs rate,Change Layoff,New Goods,Change New Goods,House Permits,Change House Permits,Money Stock,Change Money Stock,Percent Savings,Change Percent Savings,Unemployment Rate,Change Unemployment Rate,Change Durable Goods,Change Non Defense,Change Machinery,Change stocks,GDP,Change GDP,Inc/Dec,USD,Change Tech,Change Vehicle,Consumer Confidence,Change Consumer Confidence,Business Confidence,Change Business Confidence
1/2/2001,1.2,0.3,335205,-1719,1656,3,1100.55,7.45,4.9,0.4,4.2,0.1,9538,3968,-99,0.044593,13299.984,-55.2,1,112.040001,-546,2311,101.109,-0.4254,98.93481,-0.38931
1/3/2001,1.5,0.3,333486,-11596,1659,7,1108,8.3,5.3,-0.3,4.3,0.1,24675,7402,-1136,0.044593332,13299.984,-54.2,1,117.699997,-546,2311,100.6836,-0.4254,98.5455,-0.38931
1/4/2001,1.8,-0.2,321890,7753,1666,-1,1116.3,1.475,5,-0.6,4.4,-0.1,-34359,-13676,-776,-0.048835173,13299.984,-53.2,0,115.709999,-2463,1540,100.5,-0.1836,97.96476,-0.58074
1/5/2001,1.6,0.2,329643,-5599,1665,-39,1117.775,7.7,4.4,0,4.3,0.2,13658,2592,1032,-0.045231396,13244.784,36.075,0,119.110001,-3403,-1493,100.4632,-0.0368,97.49699,-0.46777
1/6/2001,1.8,0,324044,-5643,1626,-28,1125.475,11.985,4.4,1.2,4.5,0.1,7830,5880,-149,0.036648973,13245.784,36.075,0,119.389999,1182,1389,100.6,0.1368,97.3221,-0.17489
1/7/2001,1.8,-0.2,318401,3437,1598,17,1137.46,10.24,5.6,1.2,4.6,0.3,-43748,-12914,-1168,0.005460543,13246.784,36.075,1,117.07,352,-754,100.6879,0.0879,97.38268,0.06058
1/8/2001,1.6,-0.1,321838,-10017,1615,-50,1147.7,59.95,6.8,0.2,4.9,0.1,26789,2504,1016,-0.003748971,13280.859,116.143,1,113.480003,-1463,-601,100.5922,-0.0957,97.48931,0.10663
1/9/2001,1.5,0.7,311821,6716,1565,1,1207.65,-40.99,7,-3.6,5,0.3,-1726,4981,-198,-0.003691565,13281.859,116.143,1,113.690002,-27,269,100.2567,-0.3355,97.60825,0.11894
1/10/2001,2.2,-0.4,318537,-8529,1566,85,1166.66,3.09,3.4,0.7,5.3,0.2,5537,-6404,-2080,-0.023366404,13282.859,116.143,1,114.709999,-966,-2273,99.77334,-0.48336,97.87094,0.26269
1/11/2001,1.8,0.1,310008,1723,1651,29,1169.75,12.71,4.1,0.4,5.5,0.2,-15037,-41,678,-0.016725989,13397.002,81.15,1,115.610001,-255,594,99.59906,-0.17428,98.17638,0.30544
1/12/2001,1.9,0.3,311731,-3114,1680,-15,1182.46,8.315,4.5,1.6,5.7,0,9865,7330,-23,0.018308451,13398.002,81.15,1,116.400002,684,2149,99.76344,0.16438,98.39289,0.21651
1/1/2002,2.2,-0.8,308617,8864,1665,122,1190.775,-0.35,6.1,-0.3,5.7,0,-17593,-13818,-1322,0.01879036,13399.002,81.15,1,120.209999,-75,463,100.1612,0.39776,98.23847,-0.15442
2/1/2002,1.4,-0.1,317481,-2321,1787,-96,1190.425,4.275,5.8,0.1,5.7,0,15157,5652,153,0.002585954,13478.152,59.92,1,119.290001,-3029,1047,100.5459,0.3847,97.90022,-0.33825
3/1/2002,1.3,0.2,315160,3950,1691,-22,1194.7,-7.94,5.9,-0.1,5.7,0.2,15847,4992,-1,-0.023654214,13479.152,59.92,1,118.559998,1373,-1046,100.7764,0.2305,98.04947,0.14925
4/1/2002,1.5,-0.2,319110,2361,1669,47,1186.76,0.115,5.8,0.7,5.9,-0.1,-13378,-4586,899,0.007986578,13480.152,59.92,1,115.18,-1081,-649,100.9847,0.2083,98.50806,0.45859
5/1/2002,1.3,0.1,321471,-5151,1716,42,1186.875,7.8,6.5,-0.1,5.8,0,6151,1301,633,-0.011112681,13538.072,20.96,1,111.93,1144,5006,101.0434,0.0587,99.14407,0.63601
6/1/2002,1.4,0,316320,4617,1758,-20,1194.675,4.585,6.4,-0.9,5.8,0,-2736,2856,-923,-0.008425443,13539.072,20.96,1,105.760002,-382,-779,101.0144,-0.029,99.80796,0.66389
7/1/2002,1.4,0,320937,5959,1738,-43,1199.26,-15.485,5.5,-0.1,5.8,-0.1,-21994,-7427,937,-0.009707453,13540.072,20.96,1,107.610001,-1201,-914,100.7355,-0.2789,100.2539,0.44594
8/1/2002,1.4,0,326896,-7430,1695,108,1183.775,13.365,5.4,0.3,5.7,0,25403,2542,-97,-0.017091429,13559.032,75.221,1,106.43,-245,1579,100.362,-0.3735,100.4281,0.1742
9/1/2002,1.4,0.3,319466,1192,1803,-4,1197.14,6.435,5.7,0,5.7,0,-2792,4722,638,-0.003191936,13560.032,75.221,1,106.739998,78,559,100.0542,-0.3078,100.4405,0.0124
10/1/2002,1.7,-0.3,320658,1805,1799,-28,1203.575,2.85,5.7,0,5.7,0.2,-153,-3417,-376,0.000362915,13561.032,75.221,1,106.550003,-2106,-2040,99.78493,-0.26927,100.2518,-0.1887
11/1/2002,1.4,0.4,322463,-5530,1771,125,1206.425,14.815,5.7,-0.2,5.9,0.1,-9732,-2518,-48,-0.015950367,13634.253,117.29,1,106.57,-77,1468,99.58167,-0.20326,99.84637,-0.40543
12/1/2002,1.8,0.2,316933,6949,1896,-88,1221.24,2.91,5.5,0,6,-0.2,2788,5065,-54,0.023665186,13635.253,117.29,1,102.360001,1589,-649,99.59841,0.01674,99.56041,-0.28596
1/1/2003,2,-0.7,323882,6438,1808,46,1224.15,14.15,5.5,0.1,5.8,0.1,-6902,-6546,-113,0.001169754,13636.253,117.29,1,100.260002,-273,-3586,99.59559,-0.00282,99.41924,-0.14117
2/1/2003,1.3,0,330320,117,1854,-97,1238.3,1.76,5.6,-0.3,5.9,0,9167,1742,-190,0.000259097,13751.543,233.53,1,99.739998,179,4704,99.39679,-0.1988,99.35355,-0.06569
3/1/2003,1.3,0.2,330437,-9057,1757,46,1240.06,9.19,5.3,0,5.9,0.1,19491,10505,1583,-0.010799558,13752.543,233.53,1,98.860001,197,-371,99.22047,-0.17632,99.43348,0.07993
4/1/2003,1.5,-0.4,321380,3169,1803,32,1249.25,17.675,5.3,0.5,6,0.1,-20686,-9445,-1649,-0.00164745,13753.543,233.53,1,97.18,-326,-429,99.3131,0.09263,99.63239,0.19891
5/1/2003,1.1,0.3,324549,4076,1835,40,1266.925,13.415,5.8,-0.3,6.1,0.2,4193,1582,338,0.007801751,13985.073,160.572,1,93.730003,594,-1450,99.79663,0.48353,99.56121,-0.07118
6/1/2003,1.4,0.2,328625,905,1875,10,1280.34,5.66,5.5,0.7,6.3,-0.1,11629,4879,526,0.013426866,13986.073,160.572,1,94.540001,643,871,100.2734,0.47677,99.17513,-0.38608
7/1/2003,1.6,-0.3,329530,792,1885,81,1286,12.675,6.2,-0.2,6.2,-0.1,-33654,-8931,-459,0.008986692,13987.073,160.572,1,96.870003,-676,299,100.4473,0.1739,98.77513,-0.4
8/1/2003,1.3,-0.1,330322,5726,1966,-5,1298.675,-2.695,6,-0.9,6.1,0,20276,1287,849,0.008100513,14145.645,75.502,1,97.879997,484,1995,100.4498,0.0025,98.72063,-0.0545
9/1/2003,1.2,0.2,336048,6006,1961,51,1295.98,-1.28,5.1,0.2,6.1,-0.1,16658,9724,21,-0.006247982,14146.645,75.502,1,92.730003,736,-2685,100.3502,-0.0996,99.01673,0.2961
10/1/2003,1.4,-0.2,342054,-2825,2012,-94,1294.7,8.65,5.3,0.1,6,-0.2,3321,-4940,-944,0.017914309,14147.645,75.502,1,92.639999,610,3614,100.3107,-0.0395,99.39191,0.37518
11/1/2003,1.2,0.1,339229,1278,1918,69,1303.35,0.37,5.4,0,5.8,-0.1,-17223,-2910,1747,0.004873137,14221.147,108.376,1,90.160004,1159,-524,100.4759,0.1652,99.81471,0.4228
12/1/2003,1.3,0.2,340507,-1314,1987,-35,1303.72,0.98,5.4,-0.4,5.7,0,14536,8306,129,0.00587495,14222.147,108.376,1,86.790001,-1500,-447,100.8016,0.3257,100.2347,0.41999
1/1/2004,1.5,-0.4,339193,2068,1952,14,1304.7,15.75,5,0,5.7,-0.1,-22978,-10762,-1134,-0.002621405,14223.147,108.376,1,87.139999,1447,-715,101.1394,0.3378,100.5775,0.3428
2/1/2004,1.1,0,341261,13097,1966,100,1320.45,6.85,5,-0.1,5.6,0.2,15185,3951,578,0.010814744,14329.523,135.461,1,87.099998,-1949,-526,101.4507,0.3113,101.0682,0.4907
3/1/2004,1.1,0,354358,-4870,2066,4,1327.3,1.125,4.9,0.4,5.8,-0.2,34500,11760,1923,-0.001902312,14330.523,135.461,1,87.57,197,1577,101.3241,-0.1266,101.6329,0.5647
4/1/2004,1.1,-0.1,349488,1885,2070,80,1328.425,7.655,5.3,-0.1,5.6,0,-30859,-10302,-1564,-0.009073634,14331.523,135.461,1,90.629997,1328,1194,101.1371,-0.187,102.0582,0.4253
5/1/2004,1,0,351373,3262,2150,-130,1336.08,7.545,5.2,0.6,5.6,0,-1887,-904,345,0.0087816,14464.984,144.892,1,88.639999,-1216,-2036,100.9464,-0.1907,102.216,0.1578
6/1/2004,1,0.2,354635,2075,2020,92,1343.625,-4.625,5.8,-0.6,5.6,-0.1,15593,6805,425,-0.012502703,14465.984,144.892,1,88.839996,644,-1236,100.8591,-0.0873,102.2189,0.0029
7/1/2004,1.2,0.1,356710,-1081,2112,-56,1339,14.58,5.2,-0.1,5.5,-0.1,-33533,-8391,-567,0.007367945,14466.984,144.892,1,89.709999,-665,426,101.0128,0.1537,102.2161,-0.0028
8/1/2004,1.3,-0.1,355629,5413,2056,-15,1353.58,8.02,5.1,-0.5,5.4,0,20737,-270,59,-0.004767639,14609.876,161.726,1,88.910004,-1149,-3418,101.1369,0.1241,102.2277,0.0116
9/1/2004,1.2,0.1,361042,3434,2041,56,1361.6,2.925,4.6,-0.1,5.4,0.1,12505,11812,1927,-0.01366234,14610.876,161.726,1,87.410004,133,3416,101.1094,-0.0275,102.1706,-0.0571
10/1/2004,1.3,-0.1,364476,8701,2097,-18,1364.525,6.395,4.5,-0.5,5.5,-0.1,-10249,-7251,-377,0.007756163,14611.876,161.726,1,84.699997,2310,-118,100.9769,-0.1325,102.0097,-0.1609
11/1/2004,1.2,0,373177,242,2079,3,1370.92,3.28,4,2.8,5.4,0,1213,-831,-427,0.004564247,14771.602,68.18,1,81.809998,-876,-1173,100.8775,-0.0994,101.7919,-0.2178
12/1/2004,1.2,0.4,373419,5518,2082,57,1374.2,-14.74,6.8,-3.2,5.4,-0.1,13041,7922,1661,0.009673692,14772.602,68.18,1,81.050003,-373,1192,100.949,0.0715,101.4816,-0.3103
1/1/2005,1.6,-0.7,378937,2943,2139,-25,1359.46,11.64,3.6,-0.4,5.3,0.1,-23578,-7197,-213,0.005951745,14773.602,68.18,1,83.489998,398,961,101.1003,0.1513,101.1785,-0.3031
2/1/2005,0.9,0.1,381880,-7238,2114,-52,1371.1,0.8,3.2,0.2,5.4,-0.2,11357,1786,381,-0.001850841,14839.782,132.272,1,82.650002,83,75,101.0839,-0.0164,100.9869,-0.1916
3/1/2005,1,0.2,374642,10808,2062,88,1371.9,-13.6,3.4,-0.4,5.2,0,20757,8412,-1184,7.60E-05,14840.782,132.272,1,84.07,138,-267,100.9105,-0.1734,100.9472,-0.0397
4/1/2005,1.2,-0.2,385450,10466,2150,-65,1358.3,7.02,3,0.5,5.2,-0.1,-18809,-6588,1201,-0.002106569,14841.782,132.272,1,84.459999,409,-3170,100.6546,-0.2559,100.9487,0.0015
5/1/2005,1,0,395916,4590,2085,93,1365.32,14.605,3.5,-0.7,5.1,-0.1,14792,-1555,-607,-0.006349266,14972.054,94.543,1,87.739998,-1384,4005,100.4446,-0.21,100.7927,-0.156
6/1/2005,1,0,400506,-13916,2178,25,1379.925,-8.825,2.8,-0.6,5,0,18512,8712,1367,-0.001879534,14973.054,94.543,1,89.169998,284,-557,100.5204,0.0758,100.5854,-0.2073
7/1/2005,1,0.2,386590,14697,2203,16,1371.1,4.8,2.2,0.4,5,-0.1,-54766,-12312,-1278,0.009299805,14974.054,94.543,1,89.410004,2163,-220,100.7992,0.2788,100.3604,-0.225
8/1/2005,1.2,-0.1,401287,2867,2219,44,1375.9,-0.925,2.6,0,4.9,0.1,39573,5881,819,0.004748229,15066.597,200.429,1,87.589996,-2941,-1321,100.695,-0.1042,100.123,-0.2374
9/1/2005,1.1,-0.1,404154,5333,2263,-93,1374.975,3.825,2.6,0.4,5,0,5572,5984,-34,0.003845175,15067.597,200.429,1,89.510002,2192,2100,100.0359,-0.6591,100.0057,-0.1173
10/1/2005,1,0.1,409487,11999,2170,48,1378.8,-2.375,3,0.5,5,0,-2932,-3984,619,-0.000773943,15068.597,200.429,1,90.120003,-1360,2351,99.23473,-0.80117,100.157,0.1513
11/1/2005,1.1,0.1,421486,1495,2218,-98,1376.425,-2.525,3.5,0.1,5,-0.1,3912,-2840,1068,-0.006517207,15267.026,35.679,1,91.540001,-393,-818,98.97474,-0.25999,100.3948,0.2378
12/1/2005,1.2,0,422981,-7157,2120,92,1373.9,5.34,3.6,0.6,4.9,-0.2,13950,8501,317,0.006810086,15268.026,35.679,1,90.75,771,-3002,99.40562,0.43088,100.5654,0.1706
1/1/2006,1.2,-0.2,415824,5250,2212,-71,1379.24,-0.715,4.2,0,4.7,0.1,-37592,-7195,459,0.006956917,15269.026,35.679,1,88.959999,225,1831,100.0485,0.64288,100.8633,0.2979
2/1/2006,1,0.1,421074,9383,2141,-23,1378.525,1.45,4.2,0,4.8,-0.1,17558,1715,-1188,0.004339736,15302.705,23.663,1,90.080002,-2,191,100.3386,0.2901,100.9873,0.124
3/1/2006,1.1,-0.2,430457,-11832,2118,-120,1379.975,6.175,4.2,-0.3,4.7,0,43181,12992,996,-0.002738709,15303.705,23.663,1,89.739998,1236,-1228,100.2844,-0.0542,100.8873,-0.1
4/1/2006,0.9,0.1,418625,4847,1998,-93,1386.15,-0.47,3.9,-0.2,4.7,-0.1,-46502,-12175,-613,-0.00036545,15304.705,23.663,1,85.93,2345,1572,100.138,-0.1464,100.6637,-0.2236
5/1/2006,1,0,423472,3968,1905,-38,1385.68,-12.855,3.7,0.2,4.6,0,11712,2034,1345,0.005776191,15326.368,130.56,1,84.68,-623,-1645,99.85761,-0.28039,100.4815,-0.1822
6/1/2006,1,0.1,427440,-10591,1867,-104,1372.825,1.675,3.9,-0.6,4.6,0.1,19695,6742,-745,-0.001586665,15327.368,130.56,1,85.199997,-1661,1743,99.54337,-0.31424,100.3994,-0.0821
7/1/2006,1.1,0,416849,1910,1763,-41,1374.5,-2.3,3.3,0.3,4.7,0,-51474,-11137,-120,-0.01532752,15328.368,130.56,1,85.279999,1219,-151,99.52023,-0.02314,100.366,-0.0334
8/1/2006,1.1,0,418759,17017,1722,-67,1372.2,-6.775,3.6,-0.1,4.7,-0.2,29605,3324,-589,-0.001330112,15456.928,36.4,1,85.089996,83,-4979,99.56052,0.04029,100.3485,-0.0175
9/1/2006,1.1,0,435776,-19978,1655,-85,1365.425,4.515,3.5,0,4.5,-0.1,27490,10210,1103,-0.005800669,15457.928,36.4,1,86.010002,-367,3250,99.67002,0.1095,100.2031,-0.1454
10/1/2006,1.1,-0.1,415798,10653,1570,-35,1369.94,-0.19,3.5,0.4,4.4,0.1,-23300,-5020,1973,0.008367224,15458.928,36.4,1,85.290001,937,-1634,100.0213,0.35128,100.0647,-0.1384
11/1/2006,1,0.2,426451,11443,1535,103,1369.75,-1.25,3.9,-0.2,4.5,-0.1,-1032,-3650,-2211,0.013672467,15493.328,88.757,1,82.910004,-1615,677,100.4892,0.4679,100.0042,-0.0605
12/1/2006,1.2,0.2,437894,-11372,1638,-12,1368.5,1.52,3.7,-0.1,4.4,0.2,18080,6138,2377,0.004203001,15494.328,88.757,1,83.459999,2612,53,100.7466,0.2574,99.91161,-0.09259
1/1/2007,1.4,-0.3,426522,5674,1626,-28,1370.02,-6.195,3.6,0.4,4.6,-0.1,-32748,-9206,-3311,0.005042777,15495.328,88.757,1,84.650002,-1397,3388,100.8753,0.1287,99.71896,-0.19265
2/1/2007,1.1,0,432196,10629,1598,-2,1363.825,0.15,4,0.3,4.5,-0.1,7174,595,735,0.003478881,15582.085,84.653,1,83.620003,-1978,-3583,100.9109,0.0356,99.51634,-0.20262
3/1/2007,1.1,0,442825,2943,1596,-126,1363.975,13.985,4.3,-0.2,4.4,0.1,40731,13125,3425,-0.000359536,15583.085,84.653,1,82.910004,2549,682,100.6623,-0.2486,99.37284,-0.1435
4/1/2007,1.1,-0.1,445768,-695,1470,23,1377.96,2.565,4.1,-0.2,4.5,-0.1,-26532,-9346,-1517,-0.009257606,15584.085,84.653,1,81.43,-3603,1180,100.3595,-0.3028,99.35345,-0.01939
5/1/2007,1,0,445073,1127,1493,-86,1380.525,-11.9,3.9,-0.2,4.4,0.2,3768,-1284,-1229,0.010866235,15666.738,95.229,1,82.309998,1994,-836,100.1656,-0.1939,99.33743,-0.01602
6/1/2007,1,0.3,446200,5771,1407,-46,1368.625,4.055,3.7,-0.1,4.6,0.1,14377,7008,595,0.00711982,15667.738,95.229,1,81.870003,1263,1515,100.0984,-0.0672,99.45573,0.1183
7/1/2007,1.3,-0.1,451971,-457,1361,-40,1372.68,-2.08,3.6,-0.3,4.7,-0.1,-32440,-10229,1912,-0.000470947,15668.738,95.229,1,80.900002,-1990,-958,100.0531,-0.0453,99.59607,0.14034
8/1/2007,1.2,0.1,451514,-1910,1321,-60,1370.6,12.8,3.3,0.2,4.6,0.1,30125,4091,-635,0.011688271,15761.967,-90.584,1,80.809998,764,1756,100.0273,-0.0258,99.7956,0.19953
9/1/2007,1.3,0.2,449604,8161,1261,-69,1383.4,-6.08,3.5,-0.2,4.7,0,-9002,5609,-732,-0.011002105,15762.967,-90.584,1,77.790001,784,-1216,99.77202,-0.25528,99.91473,0.11913
10/1/2007,1.5,-0.1,457765,10135,1192,32,1377.32,-7.545,3.3,-0.2,4.7,0,2772,-3409,199,0.002213756,15763.967,-90.584,0,76.610001,-473,-2020,99.4878,-0.28422,99.92529,0.01056
11/1/2007,1.4,-0.2,467900,11525,1224,-75,1369.775,4.925,3.1,0.4,4.7,0.3,-11024,-4369,-220,0.01955669,15671.383,80.925,0,75.93,164,-135,99.1597,-0.3281,99.79137,-0.13392
12/1/2007,1.2,0.2,479425,-1062,1149,-55,1374.7,2.075,3.5,0.2,5,0,29914,9980,2636,-0.014819443,15672.383,80.925,0,76.349998,-538,702,98.84129,-0.31841,99.59808,-0.19329
1/1/2008,1.4,-0.4,478363,-4305,1094,-80,1376.775,1.325,3.7,0.4,5,-0.1,-34102,-8179,-308,0.00625643,15673.383,80.925,1,75.230003,124,-1517,98.65395,-0.18734,99.43011,-0.16797
2/1/2008,1,-0.1,474058,-1879,1014,-47,1378.1,12.02,4.1,-0.1,4.9,0.2,9924,1504,-3141,-0.021203294,15752.308,-85.276,1,73.75,582,680,98.47388,-0.18007,99.30949,-0.12062
3/1/2008,0.9,0.5,472179,4986,967,41,1390.12,1.105,4,-0.6,5.1,-0.1,21036,7311,3828,-0.011693339,15753.308,-85.276,1,71.870003,-308,-418,98.0405,-0.43338,99.20105,-0.10844
4/1/2008,1.4,-0.3,477165,3658,1008,-13,1391.225,0.075,3.4,4.4,5,0.4,-25831,-4690,371,-0.0096239,15754.308,-85.276,0,72.57,-559,-3034,97.51803,-0.52247,99.10979,-0.09126
5/1/2008,1.1,0.2,480823,3603,995,185,1391.3,13.36,7.8,-2.3,5.4,0.2,2920,-1383,-2138,0.005717116,15667.032,-339.005,0,72.870003,599,592,96.92908,-0.58895,99.09647,-0.01332
6/1/2008,1.3,-0.1,484426,-6858,1180,-259,1404.66,16.165,5.5,-1.1,5.6,0.2,14484,6725,-385,0.017217181,15668.032,-339.005,0,72.459999,798,-1582,96.50624,-0.42284,98.99731,-0.09916
7/1/2008,1.2,0.1,477568,-11878,921,-63,1420.825,-11.95,4.4,-0.6,5.8,0.3,-36939,-9176,1221,-0.006461512,15669.032,-339.005,0,73.220001,-432,99,96.37327,-0.13297,98.97136,-0.02595
8/1/2008,1.3,0.2,465690,-15593,858,-61,1408.875,43.925,3.8,0.9,6.1,0,9332,-1252,-1868,-0.012794716,15328.027,-172.087,0,77.25,-2429,-2228,96.5997,0.22643,99.04242,0.07106
9/1/2008,1.5,0.4,450097,-30284,797,-61,1452.8,13.95,4.7,0.8,6.1,0.4,9361,6843,252,0.0144658,15329.027,-172.087,0,79.209999,627,-1591,96.88657,0.28687,99.1946,0.15218
10/1/2008,1.9,-0.1,419813,-31808,736,-110,1466.75,45.9,5.5,1,6.5,0.3,-26942,-8732,-2879,-0.019852927,15330.027,-172.087,0,85.809998,478,-161,96.97136,0.08479,99.30126,0.10666
11/1/2008,1.8,0.6,388005,-23657,626,-72,1512.65,74.69,6.5,-0.1,6.8,0.5,-27435,-5245,-210,-0.051335895,15155.94,-21.823,0,86.43,-2534,-1711,96.57789,-0.39347,99.20511,-0.09615
12/1/2008,2.4,1.2,364348,-17655,554,-9,1587.34,1.51,6.4,-0.2,7.3,0.5,21878,4213,-3364,0.007587377,15156.94,-21.823,0,81.18,1266,-1134,96.29182,-0.28607,98.75078,-0.45433
1/1/2009,3.6,-1.2,346693,-5193,545,13,1588.85,-22.1,6.2,-0.7,7.8,0.5,-53516,-14167,-3813,-0.009875404,15157.94,-21.823,0,86.059998,-948,-2785,96.28349,-0.00833,97.83461,-0.91617
2/1/2009,2.4,-0.1,341500,-9066,558,-45,1566.75,8.65,5.5,0.4,8.3,0.4,-973,1640,456,0.000826249,15134.117,55.105,0,88.580002,-2803,-2278,96.29153,0.00804,96.83575,-0.99886
3/1/2009,2.3,0,332434,-446,513,8,1575.4,37.875,5.9,0.9,8.7,0.3,24862,7616,-938,-0.003533742,15135.117,55.105,0,85.610001,1250,-28,96.2625,-0.02903,96.04608,-0.78967
4/1/2009,2.3,-0.4,331988,9890,521,35,1613.275,4.05,6.8,1.4,9,0.4,-22214,-8623,-489,-0.008823799,15136.117,55.105,1,84.809998,277,61,96.48761,0.22511,95.60092,-0.44516
5/1/2009,1.9,-0.2,341878,1950,556,45,1617.325,34.235,8.2,-1.5,9.4,0.1,5821,446,1256,0.017763233,15189.222,166.836,1,79.199997,-1929,-339,96.98717,0.49956,95.64169,0.04077
6/1/2009,1.7,0,343828,6873,601,-6,1651.56,8.165,6.7,-0.7,9.5,0,11408,8436,1159,0.005004802,15190.222,166.836,1,80.160004,673,-1422,97.41702,0.42985,95.87862,0.23693
7/1/2009,1.7,-0.1,350701,5085,595,21,1659.725,2.495,6,-1.1,9.5,0.1,-11746,-6997,-424,0.013134853,15191.222,166.836,1,78.190002,580,-845,97.59499,0.17797,96.29312,0.4145
8/1/2009,1.6,-0.1,355786,3085,616,-7,1662.22,2.88,4.9,1,9.6,0.2,10079,-779,-183,-0.005209894,15356.058,59.087,1,78.110001,-237,1524,97.54458,-0.05041,96.92404,0.63092
9/1/2009,1.5,0.3,358871,8321,609,-26,1665.1,10.675,5.9,-0.5,9.8,0.2,13291,9858,2406,0.01521273,15357.058,59.087,1,76.650002,-710,2417,97.59328,0.0487,97.61572,0.69168
10/1/2009,1.8,-0.2,367192,3092,583,40,1675.775,7.225,5.4,0.5,10,-0.1,-5550,-5332,-1132,0.009485497,15358.058,59.087,1,76.389999,1294,1063,97.79153,0.19825,98.31596,0.70024
11/1/2009,1.6,-0.1,370284,-388,623,41,1683,8.15,5.9,0,9.9,0,-11966,-2692,773,0.005257131,15415.145,142.132,1,74.709999,-669,809,97.82458,0.03305,99.03456,0.7186
12/1/2009,1.5,0,369896,25212,664,-28,1691.15,-12.075,5.9,0.2,9.9,-0.1,23255,9092,1589,0.00013589,15416.145,142.132,1,77.93,177,1353,97.84022,0.01564,99.63071,0.59615
1/1/2010,1.5,-0.3,395108,-3681,636,14,1679.075,15.625,6.1,-0.3,9.8,0,-10997,-11213,-1511,0.004022399,15417.145,142.132,1,79.43,-269,1455,98.03433,0.19411,99.97683,0.34612
2/1/2010,1.2,0,391427,7369,650,37,1694.7,15.8,5.8,-0.1,9.8,0.1,5577,3302,1513,0.008640672,15557.277,114.69,1,80.330002,470,1867,98.21426,0.17993,100.2216,0.24477
3/1/2010,1.2,-0.1,398796,5016,687,-50,1710.5,-16.65,5.7,0.7,9.9,0,30928,12682,2486,-0.012844518,15558.277,114.69,1,81.040001,-690,-3654,98.27559,0.06133,100.3512,0.1296
4/1/2010,1.1,-0.2,403812,-1837,637,-62,1693.85,18.31,6.4,0.6,9.9,-0.3,-18465,-11374,-4032,0.018299993,15559.277,114.69,1,81.800003,1089,1589,98.27214,-0.00345,100.5941,0.2429
5/1/2010,0.9,0.1,401975,-40,575,12,1712.16,20.29,7,-0.1,9.6,-0.2,2007,4102,6114,0.010117636,15671.967,78.658,1,86.580002,132,1296,98.2494,-0.02274,100.944,0.3499
6/1/2010,1,0.3,401935,3203,587,-8,1732.45,-9.7,6.9,-0.1,9.4,0,16545,8378,1081,-0.005522997,15672.967,78.658,1,86.099998,-883,1347,98.24799,-0.00141,101.1947,0.2507
7/1/2010,1.3,0.1,405138,2667,579,1,1722.75,23.13,6.8,0.1,9.4,0.1,-25395,-11896,-3568,-0.012887583,15673.967,78.658,1,81.519997,92,1257,98.1422,-0.10579,101.404,0.2093
8/1/2010,1.4,-0.3,407805,12466,580,-17,1745.88,18.595,6.9,-0.2,9.5,0,17203,4053,1500,-0.001406907,15750.625,-37.871,1,83.089996,239,1547,97.8256,-0.3166,101.34,-0.064
9/1/2010,1.1,0.3,420271,-1350,563,-5,1764.475,18.45,6.7,-0.1,9.5,-0.1,21243,8250,1523,-0.006950179,15751.625,-37.871,1,78.800003,674,229,97.63251,-0.19309,101.0389,-0.3011
10/1/2010,1.4,0,418921,6397,558,2,1782.925,35.315,6.6,0,9.4,0.4,-20804,-8020,-1499,0.008368913,15752.625,-37.871,0,76.949997,234,981,97.57597,-0.05654,100.6831,-0.3558
11/1/2010,1.4,-0.2,425318,4772,560,72,1818.24,15.685,6.6,0.5,9.8,-0.5,-5724,290,993,0.011300877,15712.754,112.342,0,81.260002,-1974,-181,97.68552,0.10955,100.4841,-0.199
12/1/2010,1.2,0.1,430090,16329,632,-56,1833.925,19.195,7.1,0.3,9.3,-0.2,22408,9237,3188,0.014061551,15713.754,112.342,0,79.059998,2128,-1669,97.97171,0.28619,100.4577,-0.0264
1/1/2011,1.3,-0.3,446419,-8023,576,-34,1853.12,19.505,7.4,0.2,9.1,-0.1,-24974,-10753,-2796,0.004976944,15714.754,112.342,1,77.610001,361,1677,98.2507,0.27899,100.577,0.1193
2/1/2011,1,-0.1,438396,22825,542,41,1872.625,18.25,7.6,-0.6,9,0,3429,758,-1624,0.008129216,15825.096,-4.396,1,76.860001,105,100,98.37113,0.12043,100.8216,0.2446
3/1/2011,0.9,0,461221,-5528,583,-2,1890.875,5.825,7,-0.1,9,0.1,45612,13612,2832,0.003811404,15826.096,-4.396,1,76.050003,-90,61,98.31657,-0.05456,101.0814,0.2598
4/1/2011,0.9,0.1,455693,2322,581,37,1896.7,38.92,6.9,0,9.1,-0.1,-38156,-9372,-478,-0.005831906,15827.096,-4.396,0,73.059998,-1151,2750,98.04565,-0.27092,101.2842,0.2028
5/1/2011,1,-0.2,458015,-3959,618,18,1935.62,16.48,6.9,0.3,9,0.1,10103,2591,2061,0.005083287,15820.7,183.407,0,74.440002,586,-3676,97.98069,-0.06496,101.437,0.1528
6/1/2011,0.8,0.1,454056,8338,636,-15,1952.1,34.5,7.2,0,9.1,-0.1,11523,5901,-572,0.006564475,15821.7,183.407,0,74.440002,110,582,97.96323,-0.01746,101.4936,0.0566
7/1/2011,0.9,0.3,462394,4028,621,26,1986.6,118.48,7.2,0,9,0,-27333,-9618,676,-0.015560439,15822.7,183.407,1,73.919998,-200,-125,97.62151,-0.34172,101.3871,-0.1065
8/1/2011,1.2,-0.2,466422,-5855,647,-37,2105.08,14.345,7.2,-0.4,9,0,27504,3722,-988,0.012793027,16004.107,125.311,1,74.480003,-319,2941,96.9799,-0.64161,101.1127,-0.2744
9/1/2011,1,0,460567,598,610,61,2119.425,24.275,6.8,0,9,-0.2,4617,7534,181,-0.032521891,16005.107,125.311,1,78.93,1079,-2266,96.43224,-0.54766,100.6716,-0.4411
10/1/2011,1,-0.1,461165,11369,671,35,2143.7,23.75,6.8,0.1,8.8,-0.2,-14762,-4094,2352,0.002305758,16006.107,125.311,1,76.550003,-132,-161,96.35753,-0.07471,100.3922,-0.2794
11/1/2011,0.9,0.1,472534,7296,706,-9,2167.45,-9.875,6.9,0.9,8.6,-0.1,-171,-5811,-2212,0.009439053,16129.418,69.389,1,78.370003,-59,2272,96.61517,0.25764,100.0935,-0.2987
12/1/2011,1,0.1,479830,-47,697,15,2157.575,44.085,7.8,0.2,8.5,-0.2,31126,11685,3311,0.009103172,16130.418,69.389,1,80.230003,-170,-596,97.10645,0.49128,99.89909,-0.19441
1/1/2012,1.1,-0.2,479783,6340,712,26,2201.66,7.565,8,0,8.3,0,-33468,-9987,-2447,-0.005011561,16131.418,69.389,1,79.309998,13,922,97.71413,0.60768,99.76903,-0.13006
2/1/2012,0.9,-0.2,486123,-8225,738,68,2209.225,15.2,8,0.5,8.3,-0.1,20913,6747,1813,0.007814413,16198.807,21.86,1,78.769997,-699,1580,98.23219,0.51806,99.67145,-0.09758
3/1/2012,0.7,0.1,477898,-3407,806,-74,2224.425,23.515,8.5,0.2,8.2,0,15787,8577,103,0.017405387,16199.807,21.86,1,78.809998,1076,303,98.52102,0.28883,99.68918,0.01773
4/1/2012,0.8,0,474491,-3313,732,64,2247.94,8.835,8.7,0.1,8.2,0,-29822,-10728,-1667,0.008584112,16200.807,21.86,1,78.779999,-902,122,98.6602,0.13918,99.81552,0.12634
5/1/2012,0.8,0.2,471178,-6999,796,-2,2256.775,16.525,8.8,0.3,8.2,0,9908,2441,1140,0.001637332,16220.667,18.471,1,83.07,258,2241,98.69921,0.03901,99.95971,0.14419
6/1/2012,1,-0.2,464179,11535,794,55,2273.3,40.2,9.1,-0.9,8.2,0,12449,2468,-628,-0.008757132,16221.667,18.471,1,81.639999,57,236,98.63656,-0.06265,100.076,0.11629
7/1/2012,0.8,0.2,475714,-18708,849,-9,2313.5,23.65,8.2,-0.3,8.2,-0.1,-26510,-12424,-1437,-0.008736032,16222.667,18.471,1,82.709999,-2088,-107,98.40713,-0.22943,100.1357,0.0597
8/1/2012,1,-0.1,457006,18199,840,90,2337.15,58.925,7.9,0.3,8.1,-0.3,-2813,3205,-2217,0.00432455,16239.138,143.826,1,81.239998,340,-164,98.32629,-0.08084,100.1035,-0.0322
9/1/2012,0.9,0.2,475205,3623,930,-43,2396.075,18.625,8.2,0.6,7.8,0,19421,3937,1411,0.011963409,16240.138,143.826,1,80,-739,-963,98.51691,0.19062,99.90134,-0.20216
10/1/2012,1.1,0,478828,-1655,887,30,2414.7,2.975,8.8,0.9,7.8,-0.1,-726,-376,1607,0.008118233,16241.138,143.826,1,79.940002,-75,-45,98.87185,0.35494,99.60281,-0.29853
11/1/2012,1.1,-0.2,477173,10417,917,24,2417.675,44.225,9.7,2.3,7.7,0.2,-13041,-3863,-551,-0.00327211,16382.964,20.216,1,80.18,376,-392,99.12639,0.25454,99.42657,-0.17624
12/1/2012,0.9,0.1,487590,-8356,941,-1,2461.9,11.45,12,-5.7,7.9,0.1,29611,7191,-835,-0.01264873,16383.964,20.216,1,79.75,190,1134,99.02944,-0.09695,99.40784,-0.01873
1/1/2013,1,-0.2,479234,16249,940,40,2473.35,0.05,6.3,-0.5,8,-0.3,-39821,-4930,2423,0.009920983,16384.964,20.216,1,79.099998,785,163,98.65468,-0.37476,99.41203,0.00419
2/1/2013,0.8,-0.1,495483,-28198,980,-44,2473.4,-1.975,5.8,0.1,7.7,-0.2,21369,-922,-1923,0.006728202,16403.18,128.505,1,81.919998,-1116,-98,98.51059,-0.14409,99.31602,-0.09601
3/1/2013,0.7,0.1,467285,8572,936,76,2471.425,43.495,5.9,0.5,7.5,0.1,7100,9694,-1372,0.006894484,16404.18,128.505,1,83.040001,-610,1943,98.62617,0.11558,99.25949,-0.05653
4/1/2013,0.8,0.1,475857,11161,1012,-9,2514.92,6.28,6.4,0.3,7.6,-0.1,-11723,-6010,890,0.005495984,16405.18,128.505,1,81.709999,-705,-723,98.81338,0.18721,99.43899,0.1795
5/1/2013,0.9,-0.1,487018,10105,1003,-61,2521.2,18.875,6.7,0.1,7.5,0,17088,1658,393,-0.001806953,16531.685,131.964,1,83.309998,1807,1230,99.05145,0.23807,99.76969,0.3307
6/1/2013,0.8,0.1,497123,-19564,942,55,2540.075,2.985,6.8,-0.2,7.5,-0.2,20807,4024,-158,0.018282272,16532.685,131.964,1,83.199997,270,-621,99.4312,0.37975,99.93815,0.16846
7/1/2013,0.9,0.2,477559,3698,997,-33,2543.06,1.865,6.6,0.1,7.3,-0.1,-51615,-11833,38,-0.001127545,16533.685,131.964,1,81.410004,-246,670,99.62753,0.19633,99.79143,-0.14672
8/1/2013,1.1,-0.2,481257,9432,964,40,2544.925,38.955,6.7,0.1,7.2,0,16084,2397,-1133,0.014237084,16663.649,-47.109,1,82.019997,-556,-2454,99.58522,-0.04231,99.56345,-0.22798
9/1/2013,0.9,-0.1,490689,-4880,1004,40,2583.88,40.595,6.8,-0.6,7.2,0,23299,6417,710,0.006158516,16664.649,-47.109,1,80.269997,-740,2365,99.26995,-0.31527,99.53407,-0.02938
10/1/2013,0.8,0,485809,12467,1044,-15,2624.475,-6.85,6.2,-0.1,7.2,-0.3,-10951,-5540,-200,0.003316843,16665.649,-47.109,0,80.230003,524,491,98.84216,-0.42779,99.76932,0.23525
11/1/2013,0.8,0,498276,-5070,1029,-24,2617.625,45.295,6.1,0.3,6.9,-0.2,-4600,-1664,1941,0.003732075,16616.54,224.935,0,80.660004,554,1208,98.5777,-0.26446,100.1044,0.33508
12/1/2013,0.8,0.2,493206,-9782,1005,-29,2662.92,22.255,6.4,0.7,6.7,-0.1,15606,8201,1070,0.01184357,16617.54,224.935,0,80.139999,276,1718,98.69049,0.11279,100.3962,0.2918
1/1/2014,1,-0.4,483424,11332,976,63,2685.175,41,7.1,0,6.6,0.1,-38939,-7923,-16,0.008180687,16618.54,224.935,1,81.25,-1218,-3264,99.03146,0.34097,100.5363,0.1401
2/1/2014,0.6,0.1,494756,-1816,1039,28,2726.175,29.605,7.1,0.1,6.7,0,17343,1526,-12,0.010537092,16841.475,205.623,1,79.900002,613,202,99.22554,0.19408,100.5771,0.0408
3/1/2014,0.7,0.2,492940,6681,1067,23,2755.78,22.195,7.2,0,6.7,-0.5,30323,11412,197,0.003543024,16842.475,205.623,1,80.099998,102,3091,99.30423,0.07869,100.5459,-0.0312
4/1/2014,0.9,-0.2,499621,-8471,1090,-72,2777.975,11.35,7.2,0.2,6.2,0.1,-20110,-10117,-1286,0.008662617,16843.475,205.623,1,79.510002,185,112,99.34045,0.03622,100.4033,-0.1426
5/1/2014,0.7,0.2,491150,8637,1018,-8,2789.325,38.875,7.4,0.1,6.3,-0.2,32,-821,-104,-0.020389728,17047.098,95.94,1,80.400002,193,-738,99.42244,0.08199,100.2142,-0.1891
6/1/2014,0.9,-0.2,499787,51659,1010,66,2828.2,13.8,7.5,0,6.1,0.1,25126,9834,2222,0.00539302,17048.098,95.94,1,79.790001,-1010,2159,99.40714,-0.0153,100.2672,0.053
7/1/2014,0.7,0.1,551446,-54402,1076,-29,2842,-35.725,7.5,-0.2,6.2,-0.1,21385,-11811,-2234,0.017504167,17049.098,95.94,1,81.449997,996,-572,99.37749,-0.02965,100.3807,0.1135
8/1/2014,0.8,0.2,497044,-4987,1047,30,2806.275,47.365,7.3,0.2,6.1,-0.2,-47136,2330,1728,0.012004742,17143.038,162.714,1,82.760002,-722,4007,99.36829,-0.0092,100.4779,0.0972
9/1/2014,1,0,492057,-8315,1077,17,2853.64,6.635,7.5,-0.2,5.9,-0.2,18497,8040,391,-0.000678563,17144.038,162.714,1,85.910004,524,-2787,99.47487,0.10658,100.5421,0.0642
10/1/2014,1,-0.1,483742,-7838,1094,-35,2860.275,30.55,7.3,0.1,5.7,0.1,-10435,-8066,-2420,0.010914369,17145.038,162.714,1,87.080002,-356,-194,99.70435,0.22948,100.5894,0.0473
11/1/2014,0.9,0.1,475904,-11739,1059,11,2890.825,40.455,7.4,0.3,5.8,-0.2,-23973,-7029,-1431,-0.027110326,17305.752,117.093,1,88.230003,-476,1102,100.027,0.32265,100.6976,0.1082
12/1/2014,1,-0.1,464165,-7216,1070,-22,2931.28,-1.805,7.7,0.4,5.6,0.1,23537,11115,-78,0.033624133,17306.752,117.093,1,90.360001,-828,-624,100.4228,0.3958,100.8425,0.1449
1/1/2015,0.9,-0.1,456949,-3508,1048,79,2929.475,73.925,8.1,0.1,5.7,-0.2,-34882,-9660,577,0.001748744,17307.752,117.093,1,94.839996,334,1415,100.8617,0.4389,100.8595,0.017
2/1/2015,0.8,0,453441,6989,1127,-49,3003.4,-0.96,8.2,-0.5,5.5,-0.1,4988,1658,-552,-0.004607312,17422.845,63.176,1,95.260002,366,-2518,101.1575,0.2958,100.8793,0.0198
3/1/2015,0.8,-0.1,460430,-772,1078,83,3002.44,-1.74,7.7,-0.1,5.4,0,42396,10827,-366,0.021856554,17423.845,63.176,1,98.419998,-199,-104,101.16,0.0025,100.7766,-0.1027
4/1/2015,0.7,0,459658,-9164,1161,114,3000.7,-11.325,7.6,-0.1,5.4,0.2,-28527,-8566,97,0.003622353,17424.845,63.176,1,94.830002,1663,3851,101.052,-0.108,100.4992,-0.2774
5/1/2015,0.7,0.1,450494,14376,1275,103,2989.375,23.565,7.5,-0.1,5.6,-0.3,-8423,-2716,-649,0.007318143,17486.021,28.041,1,96.889999,-760,-1456,100.9908,-0.0612,100.2163,-0.2829
6/1/2015,0.8,0,464870,-3558,1378,-239,3012.94,19.535,7.4,-0.1,5.3,-0.1,39235,8783,596,0.005046156,17487.021,28.041,1,95.599998,-274,701,100.9008,-0.09,99.99267,-0.22363
7/1/2015,0.8,0.3,461312,-7414,1139,26,3032.475,4.205,7.3,0,5.2,-0.1,-35639,-10275,-354,-0.00300202,17488.021,28.041,1,97.220001,626,225,100.9166,0.0158,99.83935,-0.15332
8/1/2015,1.1,-0.1,453898,-8325,1165,-22,3036.68,10.395,7.3,0.1,5.1,-0.1,2643,1280,1049,0.009672013,17514.062,99.202,1,95.93,-116,1542,100.7882,-0.1284,99.79772,-0.04163
9/1/2015,1,0,445573,3840,1143,15,3047.075,-38.45,7.4,0.1,5,0,13837,6543,-653,-0.009474535,17515.062,99.202,1,96.269997,-173,-1087,100.5762,-0.212,99.86075,0.06303
10/1/2015,1,-0.1,449413,-2966,1158,87,3008.625,70.835,7.5,-0.3,5,0.1,-4694,-4854,52,-0.017436624,17516.062,99.202,1,96.919998,-156,463,100.3851,-0.1911,99.85202,-0.00873
11/1/2015,0.9,-0.1,446447,-8232,1245,-36,3079.46,5.39,7.2,0.1,5.1,-0.1,-11891,-4270,-618,-0.001516608,17613.264,54.939,1,100.25,-124,-993,100.4179,0.0328,99.71102,-0.141
12/1/2015,0.8,0,438215,-1090,1209,-42,3084.85,25.325,7.3,0.3,5,-0.2,14485,6291,-2235,0.020403203,17614.264,54.939,1,98.690002,-354,791,100.5482,0.1303,99.50191,-0.20911
1/1/2016,0.8,0.1,437125,-8856,1167,19,3110.175,10.325,7.6,-0.4,4.8,0.1,-33779,-9048,1290,-0.009325149,17615.264,54.939,1,99.540001,429,-1182,100.6568,0.1086,99.27581,-0.2261
2/1/2016,0.9,-0.1,428269,2456,1186,-67,3120.5,28.8,7.2,0.3,4.9,0.1,12872,4124,-736,-0.032682239,17668.203,96.185,1,98.18,-811,499,100.6715,0.0147,99.07098,-0.20483
3/1/2016,0.8,0,430725,11223,1119,36,3149.3,41.95,7.5,-0.4,5,0.1,31289,8076,-450,-0.012441939,17669.203,96.185,1,94.639999,418,912,100.6297,-0.0418,98.90665,-0.16433
4/1/2016,0.8,0.2,441948,-4314,1155,43,3191.25,49.17,7.1,-0.2,5.1,-0.3,-22755,-8609,-229,0.027001408,17670.203,96.185,1,93.019997,-332,-1571,100.5851,-0.0446,98.84852,-0.05813
5/1/2016,1,-0.2,437634,-7706,1198,6,3240.42,4.83,6.9,-0.4,4.8,0.1,-2546,-1150,-432,0.018647743,17764.388,111.791,1,95.82,548,283,100.6098,0.0247,98.94086,0.09234
6/1/2016,0.8,-0.1,429928,4986,1204,-11,3245.25,7.1,6.5,0.2,4.9,-0.1,13953,6669,168,-0.017721055,17765.388,111.791,1,95.889999,-100,-1129,100.7467,0.1369,99.17184,0.23098
7/1/2016,0.7,0.3,434914,3918,1193,10,3252.35,52.31,6.7,-0.1,4.8,0.1,-33575,-10034,443,0.010652727,17766.388,111.791,1,95.510002,-333,540,100.7221,-0.0246,99.42748,0.25564
8/1/2016,1,0,438832,-381,1203,79,3304.66,12.64,6.6,0,4.9,0.1,24129,5524,720,0.01570729,17876.179,101.12,1,95.989998,244,271,100.558,-0.1641,99.56272,0.13524
9/1/2016,1,-0.2,438451,14252,1282,-11,3317.3,21.38,6.6,0.2,5,-0.1,9253,3014,-573,0.016963163,17877.179,101.12,1,95.419998,-173,615,100.4394,-0.1186,99.67977,0.11705
10/1/2016,0.8,0.1,452703,-12926,1271,-35,3338.68,16.145,6.8,-0.1,4.9,-0.2,-1850,-5235,212,-0.006918118,17878.179,101.12,1,98.389999,-19,-37,100.418,-0.0214,99.76069,0.08092
11/1/2016,0.9,-0.1,439777,10626,1236,15,3354.825,-18.3,6.7,-0.3,4.7,0,-16112,-1941,-228,0.0033835,17977.299,76.753,1,101.510002,-379,-690,100.504,0.086,99.66644,-0.09425
12/1/2016,0.8,0.1,450403,2939,1251,62,3336.525,47.215,6.4,0.3,4.7,0,14939,6234,-27,-0.000715693,17978.299,76.753,1,102.379997,86,273,100.8724,0.3684,99.49717,-0.16927
1/1/2017,0.9,-0.3,453342,-3733,1313,-74,3383.74,17.885,6.7,0.3,4.7,-0.1,-28600,-5839,1183,0.020403203,17979.299,76.753,1,99.559998,707,768,101.2499,0.3775,99.5472,0.05003
2/1/2017,0.6,0.2,449609,7143,1239,53,3401.625,34.525,7,0,4.6,-0.2,5927,2197,-208,0.010465345,18054.052,131.584,1,101.440002,613,935,101.4157,0.1658,99.73109,0.18389
3/1/2017,0.8,0,456752,1439,1292,-37,3436.15,29.525,7,0.1,4.4,0.1,50383,10464,619,0.016790122,18055.052,131.584,1,100.5,359,-978,101.402,-0.0137,100.0214,0.29031
4/1/2017,0.8,-0.1,458191,-3225,1255,-46,3465.675,42.965,7.1,0.5,4.5,-0.1,-37529,-9502,427,0.012773637,18056.052,131.584,1,98.93,-518,-193,101.3678,-0.0342,100.3575,0.3361
5/1/2017,0.7,0.1,454966,17815,1209,117,3508.64,8.635,7.6,-0.2,4.4,-0.1,8810,1816,125,-0.007284392,18185.636,173.796,1,96.989998,72,-595,101.3235,-0.0443,100.6573,0.2998
6/1/2017,0.8,0,472781,-18690,1326,-61,3517.275,37.405,7.4,0.1,4.3,0,38670,4878,-391,0.02860839,18186.636,173.796,1,95.620003,181,1822,101.2438,-0.0797,100.8297,0.1724
7/1/2017,0.8,0.1,454091,6311,1265,44,3554.68,34.32,7.5,0.1,4.3,0.1,-62467,-9149,374,-0.002824817,18187.636,173.796,1,92.889999,-40,-689,101.1254,-0.1184,100.7761,-0.0536
8/1/2017,0.9,0,460402,14916,1309,-52,3589,-18.525,7.6,-0.3,4.4,-0.2,27800,3883,-286,0.016314148,18359.432,171.051,1,92.610001,488,-1604,101.0795,-0.0459,100.6132,-0.1629
9/1/2017,0.9,0,475318,-4317,1257,82,3570.475,30.645,7.3,0.1,4.2,-0.1,18589,6426,321,0.002545414,18360.432,171.051,1,93.290001,171,1718,101.1874,0.1079,100.6103,-0.0029
10/1/2017,0.9,0.1,471001,9290,1339,-40,3601.12,26.63,7.4,-0.4,4.1,0.1,-15810,-4222,1233,0.007507214,18361.432,171.051,1,94.550003,497,-142,101.3226,0.1352,100.795,0.1847
11/1/2017,1,-0.2,480291,4994,1299,13,3627.75,-13.575,7,-0.4,4.2,-0.1,-1534,-2625,-1094,0.014664143,18530.483,123.9,1,93.029999,188,1032,101.49,0.1674,100.9796,0.1846
12/1/2017,0.8,0.1,485285,-7984,1312,53,3614.175,25.125,6.6,0.9,4.1,-0.1,11651,5643,716,0.009636572,18531.483,123.9,1,92.239998,288,570,101.4675,-0.0225,101.2489,0.2693
1/1/2018,0.9,-0.1,477301,10604,1365,-33,3639.3,-22,7.5,0.3,4,0.1,-33049,-7457,-679,0.012914575,18532.483,123.9,1,89.040001,-424,-866,101.3752,-0.0923,101.4284,0.1795
2/1/2018,0.8,0,487905,4552,1332,83,3617.3,44.45,7.8,0,4.1,-0.1,18669,934,-221,0.036019337,18654.383,97.972,1,90.669998,-53,658,101.4079,0.0327,101.3948,-0.0336
3/1/2018,0.8,0.1,492457,-1732,1415,-28,3661.75,0.21,7.8,-0.1,4,0,44820,10268,258,-0.027678282,18655.383,97.972,1,89.970001,-203,978,101.5863,0.1784,101.361,-0.0338
4/1/2018,0.9,0,490725,6225,1387,-57,3661.96,-5.31,7.7,0,4,-0.2,-34284,-7018,744,0.044319883,18656.383,97.972,1,91.809998,155,-47,101.697,0.1107,101.4224,0.0614
5/1/2018,0.9,0,496950,3406,1330,-13,3656.65,-0.125,7.7,0.2,3.8,0.2,8763,1684,64,-0.024412106,18752.355,61.568,1,93.949997,281,1406,101.6413,-0.0557,101.4745,0.0521
6/1/2018,0.9,0,500356,-5963,1317,14,3656.525,20.295,7.9,0,4,-0.2,20989,6400,737,0.011908558,18753.355,61.568,1,94.629997,179,-3523,101.5473,-0.094,101.4996,0.0251
7/1/2018,0.9,0.1,494393,11446,1331,-73,3676.82,-4.295,7.9,-0.1,3.8,0,-45737,-6740,525,0.03112677,18754.355,61.568,1,94.559998,419,2277,101.4838,-0.0635,101.3753,-0.1243
8/1/2018,1,-0.1,505839,5354,1258,32,3672.525,45.1,7.8,0.1,3.8,-0.1,36100,1324,-1031,0.002273717,18813.923,136.424,1,95.190002,260,2276,101.4494,-0.0344,101.2445,-0.1308
9/1/2018,0.9,0.2,511193,-9872,1290,-23,3717.625,-1.885,7.9,-0.3,3.7,0.1,2404,2803,585,0.004899284,18814.923,136.424,1,95.110001,-359,-278,101.4617,0.0123,101.2914,0.0469
10/1/2018,1.1,-0.2,501321,-6429,1267,52,3715.74,-29.915,7.6,-0.2,3.8,0,-10518,-1405,245,0.018241783,18815.923,136.424,1,97.080002,-272,1125,101.5529,0.0912,101.4075,0.1161
11/1/2018,0.9,0,494892,1362,1319,15,3685.825,64.115,7.4,1.7,3.8,0.1,-12134,-5546,-2361,-0.046657723,18950.347,70.252,1,97.129997,1111,636,101.5334,-0.0195,101.4699,0.0624
12/1/2018,0.9,-0.1,496254,2111,1334,-18,3749.94,-14.74,9.1,-0.6,3.9,0.1,12895,6386,1203,-0.020478329,18951.347,70.252,1,96.139999,76,19,101.4139,-0.1195,101.5738,0.1039
1/1/2019,0.8,-0.1,498365,-4520,1316,-11,3735.2,27.175,8.5,0.1,4,-0.2,-25378,-5914,1220,-0.020620091,18952.347,70.252,1,95.550003,-67,753,101.2276,-0.1863,101.4821,-0.0917
2/1/2019,0.7,0.2,493845,10680,1305,22,3762.375,-28.625,8.6,-0.6,3.8,0,2601,731,-625,0.003998765,19020.599,121.145,1,96.220001,-287,-51,101.0045,-0.2231,101.2647,-0.2174
3/1/2019,0.9,0,504525,-9696,1327,3,3733.75,38.69,8,-0.5,3.8,-0.1,46182,10526,-226,0.0366979,19021.599,121.145,1,97.18,-416,-459,101.0637,0.0592,101.042,-0.2227
4/1/2019,0.9,-0.1,494829,-4277,1330,8,3772.44,7.285,7.5,-0.2,3.7,0,-35933,-8074,193,0.023532686,19022.599,121.145,1,97.529999,533,960,101.3019,0.2382,100.7144,-0.3276
5/1/2019,0.8,0,490552,-1439,1338,-65,3779.725,62.4,7.3,-0.2,3.7,-0.1,-498,239,-293,0.025114323,19141.744,112.215,1,97.639999,119,-2872,101.4765,0.1746,100.5568,-0.1576
6/1/2019,0.8,0,489113,7657,1273,93,3842.125,7.975,7.1,-0.1,3.6,0,13636,4972,452,-0.018224929,19142.744,112.215,1,96.25,-343,428,101.5725,0.096,100.3851,-0.1717
7/1/2019,0.8,0.1,496770,230,1366,105,3850.1,0.575,7,0.3,3.6,0.1,-25110,-7268,-686,0.007760408,19143.744,112.215,1,98.589996,-43,1980,101.47,-0.1025,100.2477,-0.1374
8/1/2019,0.9,0.1,497000,-2560,1471,-34,3850.675,48.325,7.3,0,3.7,-0.2,20750,1698,128,0.01947734,19253.959,-243.111,1,98.830002,-41,-49,101.2168,-0.2532,100.017,-0.2307
9/1/2019,1,0,494440,297,1437,66,3899,20.6,7.3,-0.1,3.5,0.1,1502,4457,396,-0.027295112,19254.959,-243.111,1,99.400002,177,-956,100.8934,-0.3234,99.80515,-0.21185
10/1/2019,1,-0.2,494737,-5568,1503,7,3919.6,27.65,7.2,0.3,3.6,0,-2206,-2404,-126,0.027032645,19255.959,-243.111,0,97.300003,-119,-877,100.8934,0,99.61419,-0.19096
11/1/2019,0.8,0,489169,8534,1510,-53,3947.25,28.63,7.5,-0.3,3.6,0,-22626,-4003,-59,-0.002434024,19010.848,-1708.337,0,98.269997,-21,-1537,101.1149,0.2215,99.38556,-0.22863
12/1/2019,0.8,0.2,497703,-2097,1457,79,3975.88,-18.955,7.2,0.4,3.6,-0.1,19689,6728,-489,0.028800758,19011.848,-1708.337,0,96.480003,-12,819,101.4083,0.2934,99.09806,-0.2875
1/1/2020,1,-0.2,495606,857,1536,-98,3956.925,53.775,7.6,0.7,3.5,0,-23122,-7054,198,0.027872422,19012.848,-1708.337,0,97.370003,102,98,101.6571,0.2488,98.88036,-0.2177
2/1/2020,0.8,4.3,496463,-54648,1438,-82,4010.7,197.1,8.3,4.6,3.5,0.9,17741,1648,-36,0.044067596,17302.511,1294.01,0,98.080002,121,-86,101.6553,-0.0018,98.81089,-0.06947
3/1/2020,5.1,0.4,441815,-59511,1356,-290,4207.8,555.2,12.9,20.8,4.4,10.4,-9618,8290,-530,0.030855032,17303.511,1293.01,0,99.010002,53,822,101.188,-0.4673,98.8336,0.02271
4/1/2020,5.5,-4.5,382304,29391,1066,150,4763,272.65,33.7,-9,14.8,-1.5,-63200,-12613,-2488,-0.234349482,17304.511,1292.01,1,99.129997,-128,-11601,100.0983,-1.0897,98.94361,0.11001
5/1/2020,1,0.5,411695,26552,1216,42,5035.65,143.95,24.7,-5.7,13.3,-2.2,20035,783,323,0.148975932,18596.521,183.804,1,98.300003,-21,-25739,98.91312,-1.18518,99.11798,0.17437
6/1/2020,1.5,-0.3,438247,28680,1258,225,5179.6,121.825,19,-0.5,11.1,-0.9,39144,9594,1090,0.043015094,18596.521,183.804,1,97.389999,122,6328,98.36695,-0.54617,98.99674,-0.12124
7/1/2020,1.2,-0.3,466927,2875,1483,-7,5301.425,100.455,18.5,-3.5,10.2,-1.8,-8409,-6795,845,0.064662261,18596.521,183.804,1,93.459999,-14,24239,98.31175,-0.0552,98.56776,-0.42898
8/1/2020,0.9,-0.1,469802,6127,1476,69,5401.88,104.495,15,-0.6,8.4,-0.6,16089,2950,809,0.047027376,18596.521,183.804,1,92.18,698,11416,98.32877,0.01702,98.10213,-0.46563
9/1/2020,0.8,-0.8,475929,-475929,1545,-1545,5506.375,-5506.375,14.4,-0.8,7.8,-7.8,16123,7496,212,0.049181255,18596.521,183.804,1,93.8,287,-2608,98.5467,0.21793,98.35104,0.24891
